names,membership
AA,2
A・J,3
丁仪,2
东方延绪,7
乔纳森,5
于维民,2
云天明,2
井上明,5
亚里士多德,7
伊万,2
伏羲,5
伽利略,7
伽尔宁,8
何博士,3
关一帆,2
列文,5
刘晓明,6
卓文,6
史强,2
史晓明,8
叶哲泰,2
叶文洁,4
叶文雪,2
吴岳,5
周文王,7
哈里斯,2
坎特,3
墨子,7
大凤,4
威尔逊,2
安东诺夫,2
山杉惠子,3
巴勒莫,2
布莱尔,2
希恩斯,3
常伟思,5
庄颜,3
弗雷斯,7
张延,8
张援朝,8
张翔,2
徐冰冰,8
我的主,3
戴文,3
执政官,3
斐兹罗,4
斯坦顿,7
斯科特,3
智子,3
曹彬,2
朴义君,3
李瑶,1
杨冬,4
杨卫宁,2
杨晋文,8
杰森,2
林格,4
柯曼琳,2
格里高利,2
毕云峰,2
汪淼,3
沙瑞山,7
泰勒,3
深水王子,7
潘寒,7
熊文,3
瓦季姆,2
申玉菲,2
白沐霖,4
白艾思,3
白蓉,2
破壁人,2
程丽华,4
程心,2
空灵画师,3
章北海,5
红卫兵,7
纣王,2
约瑟夫,5
绍琳,7
维德,3
罗宾逊,4
罗辑,3
老李,5
胡文,2
艾伦,2
艾克,6
苗福全,8
莫沃维奇,3
萨伊,2
蓝西,5
薇拉,8
褚岩,7
豆豆,1
达・芬奇,7
追随者,2
郭正明,2
针眼画师,2
钢印族,3
长帆,5
雷志成,3
雷迪亚兹,3
露珠公主,4
韦斯特,6
马钢,5
魏成,3
麦克,7
齐猎头,4
